날짜,hs_code,품목명,국가명,수출입구분,수출금액,중량
2021-01-01,8561,반도체,미국,Export,475850010,3686.770315
2021-02-01,8592,반도체,미국,Export,58987708,2350.319571
2021-03-01,8512,반도체,미국,Export,20086402,4852.558276
2021-04-01,8573,반도체,미국,Export,496183664,3125.659397
2021-05-01,8598,반도체,미국,Export,152702278,3098.079184
2021-06-01,8589,반도체,미국,Export,124057956,543.9715292
2021-07-01,8573,반도체,미국,Export,238713817,4313.707993
2021-08-01,8527,반도체,미국,Export,474953913,4831.596962
2021-09-01,8562,반도체,미국,Export,123137974,1281.024784
2021-10-01,8517,반도체,미국,Import,0,4555.66997
2021-11-01,8511,반도체,미국,Export,218326378,1118.914148
2021-12-01,8527,반도체,미국,Export,389815083,4703.544814
2022-01-01,8557,반도체,미국,Import,0,2895.175475
2022-02-01,8594,반도체,미국,Export,200451871,1429.610256
2022-03-01,8569,반도체,미국,Export,275921080,790.5287024
2022-04-01,8580,반도체,미국,Export,217466725,2034.919439
2022-05-01,8590,반도체,미국,Import,0,3971.860149
2022-06-01,8550,반도체,미국,Export,458330241,4265.189031
2022-07-01,8532,반도체,미국,Export,337732213,3363.019547
2022-08-01,8544,반도체,미국,Import,0,686.0118051
2022-09-01,8523,반도체,미국,Export,251959842,2661.390864
2022-10-01,8586,반도체,미국,Export,108842409,4489.241619
2022-11-01,8513,반도체,미국,Import,0,1321.531923
2022-12-01,8545,반도체,미국,Import,0,3034.440786
2023-01-01,8551,반도체,미국,Import,0,3203.678407
2023-02-01,8553,반도체,미국,Export,214089874,4428.073269
2023-03-01,8598,반도체,미국,Export,165821702,639.2544302
2023-04-01,8586,반도체,미국,Export,431757985,134.0654396
2023-05-01,8546,반도체,미국,Export,349293656,1420.120436
2023-06-01,8541,반도체,미국,Import,0,3544.792899
2023-07-01,8561,반도체,미국,Export,130969270,3511.890937
2023-08-01,8565,반도체,미국,Export,28074604,3086.865237
2023-09-01,8510,반도체,미국,Import,0,809.9848732
2023-10-01,8541,반도체,미국,Export,300421394,496.181299
2023-11-01,8547,반도체,미국,Export,190213735,3198.29857
2023-12-01,8525,반도체,미국,Export,419298222,1671.822318
2024-01-01,8529,반도체,미국,Import,0,1179.181133
2024-02-01,8529,반도체,미국,Export,326134667,954.3955021
2024-03-01,8591,반도체,미국,Export,420477951,3410.881573
2024-04-01,8540,반도체,미국,Import,0,1363.913976
2024-05-01,8569,반도체,미국,Export,137806295,4981.643129
2024-06-01,8541,반도체,미국,Import,0,1761.245976
2024-07-01,8512,반도체,미국,Import,0,2082.089823
2024-08-01,8581,반도체,미국,Export,394816919,3378.042448
2024-09-01,8598,반도체,미국,Export,335115866,124.8017608
2024-10-01,8563,반도체,미국,Export,229727830,4972.841567
2024-11-01,8523,반도체,미국,Import,0,3757.807885
2024-12-01,8526,반도체,미국,Export,160949788,2758.44713
2025-01-01,8531,반도체,미국,Import,0,4867.751718
2025-02-01,8536,반도체,미국,Import,0,1815.384198
2025-03-01,8578,반도체,미국,Import,0,2546.047561
2025-04-01,8526,반도체,미국,Import,0,2402.728119
2025-05-01,8546,반도체,미국,Import,0,2198.102327
2025-06-01,8572,반도체,미국,Export,159791539,1035.464053
2025-07-01,8527,반도체,미국,Export,282832618,4687.158393
2025-08-01,8533,반도체,미국,Export,112370171,3388.603232
2025-09-01,8511,반도체,미국,Import,0,4258.481995
2025-10-01,8548,반도체,미국,Import,0,4065.869662
2025-11-01,8522,반도체,미국,Export,49981148,125.4058276
2025-12-01,8517,반도체,미국,Export,353963769,3999.38408
2021-01-01,8775,자동차,미국,Export,224852320,3392.928063
2021-02-01,8771,자동차,미국,Export,150405213,
2021-03-01,8779,자동차,미국,Import,0,2731.703893
2021-04-01,8769,자동차,미국,Export,115752303,3152.163332
2021-05-01,8756,자동차,미국,Import,0,777.9301528
2021-06-01,8739,자동차,미국,Import,0,2054.222417
2021-07-01,8771,자동차,미국,Export,419630259,3510.27361
2021-08-01,8710,자동차,미국,Export,226752592,1274.95806
2021-09-01,8710,자동차,미국,Export,477883987,3715.694892
2021-10-01,8776,자동차,미국,Export,131388184,1844.266125
2021-11-01,8787,자동차,미국,Import,0,561.3692425
2021-12-01,8778,자동차,미국,Export,242345176,579.3873872
2022-01-01,8742,자동차,미국,Import,0,
2022-02-01,8743,자동차,미국,Export,137837875,174.9922474
2022-03-01,8778,자동차,미국,Import,0,3117.670706
2022-04-01,8741,자동차,미국,Export,470712818,2919.823472
2022-05-01,8742,자동차,미국,Import,0,4121.133431
2022-06-01,8749,자동차,미국,Export,453621814,
2022-07-01,8711,자동차,미국,Import,0,3129.444033
2022-08-01,8735,자동차,미국,Export,343990697,1769.06039
2022-09-01,8767,자동차,미국,Import,0,3181.819949
2022-10-01,8730,자동차,미국,Export,484114470,2785.062228
2022-11-01,8758,자동차,미국,Export,368507400,725.6796742
2022-12-01,8732,자동차,미국,Import,0,4306.222484
2023-01-01,8798,자동차,미국,Export,126735714,1950.871542
2023-02-01,8798,자동차,미국,Export,166824304,4488.06382
2023-03-01,8728,자동차,미국,Import,0,1664.636824
2023-04-01,8792,자동차,미국,Export,251582572,508.0936149
2023-05-01,8761,자동차,미국,Import,0,3786.635194
2023-06-01,8762,자동차,미국,Export,252265949,382.0379241
2023-07-01,8796,자동차,미국,Import,0,3558.574271
2023-08-01,8767,자동차,미국,Import,0,595.501113
2023-09-01,8751,자동차,미국,Export,204359284,4470.294853
2023-10-01,8747,자동차,미국,Import,0,1933.926899
2023-11-01,8780,자동차,미국,Export,493140521,3791.553108
2023-12-01,8770,자동차,미국,Export,195213919,3554.913385
2024-01-01,8776,자동차,미국,Import,0,2085.490225
2024-02-01,8781,자동차,미국,Export,67587860,3281.13048
2024-03-01,8771,자동차,미국,Export,206109217,2440.802965
2024-04-01,8715,자동차,미국,Export,403033532,4891.713277
2024-05-01,8789,자동차,미국,Export,268573543,
2024-06-01,8729,자동차,미국,Export,46962928,914.4556164
2024-07-01,8710,자동차,미국,Export,317503459,2963.140128
2024-08-01,8721,자동차,미국,Export,479764179,383.533099
2024-09-01,8717,자동차,미국,Export,93143152,3269.556972
2024-10-01,8737,자동차,미국,Import,0,4874.534558
2024-11-01,8726,자동차,미국,Export,147084118,2114.912932
2024-12-01,8722,자동차,미국,Import,0,4130.43249
2025-01-01,8756,자동차,미국,Export,460396510,505.4672582
2025-02-01,8714,자동차,미국,Import,0,1944.670498
2025-03-01,8758,자동차,미국,Import,0,3772.93367
2025-04-01,8758,자동차,미국,Export,420781065,2396.596483
2025-05-01,8764,자동차,미국,Import,0,4083.214945
2025-06-01,8762,자동차,미국,Export,296723270,3657.992136
2025-07-01,8794,자동차,미국,Export,230766626,732.8811342
2025-08-01,8771,자동차,미국,Export,440328127,
2025-09-01,8748,자동차,미국,Export,339070865,2649.507734
2025-10-01,8721,자동차,미국,Import,0,4843.071451
2025-11-01,8726,자동차,미국,Export,75667461,241.0351139
2025-12-01,8775,자동차,미국,Import,0,4525.440188
2021-01-01,7259,철강,미국,Import,0,2021.995821
2021-02-01,7261,철강,미국,Export,278248690,2309.461192
2021-03-01,7260,철강,미국,Import,0,4002.711701
2021-04-01,7226,철강,미국,Export,136539750,2349.765206
2021-05-01,7286,철강,미국,Export,112474087,2940.284679
2021-06-01,7232,철강,미국,Export,72742461,844.3231982
2021-07-01,7213,철강,미국,Import,0,4494.263209
2021-08-01,7259,철강,미국,Export,304948343,1196.860423
2021-09-01,7251,철강,미국,Export,96735137,534.6424154
2021-10-01,7255,철강,미국,Export,188492231,2566.744627
2021-11-01,7256,철강,미국,Import,0,500.6192565
2021-12-01,7270,철강,미국,Export,11271561,4354.675424
2022-01-01,7261,철강,미국,Export,112581168,1915.313304
2022-02-01,7296,철강,미국,Export,270320219,
2022-03-01,7216,철강,미국,Export,346711097,4237.759296
2022-04-01,7227,철강,미국,Export,229232059,2709.824606
2022-05-01,7237,철강,미국,Export,19834886,1678.187911
2022-06-01,7253,철강,미국,Export,124276041,1780.341635
2022-07-01,7227,철강,미국,Import,0,2731.822055
2022-08-01,7292,철강,미국,Export,195598586,1753.489486
2022-09-01,7268,철강,미국,Export,184487395,4933.924719
2022-10-01,7231,철강,미국,Import,0,1890.248416
2022-11-01,7271,철강,미국,Export,149696632,949.5306169
2022-12-01,7240,철강,미국,Export,211094445,4913.655223
2023-01-01,7284,철강,미국,Export,434098491,4103.653148
2023-02-01,7260,철강,미국,Export,412222121,3620.440627
2023-03-01,7254,철강,미국,Export,387051537,1016.514368
2023-04-01,7229,철강,미국,Export,128780768,662.7004412
2023-05-01,7246,철강,미국,Export,257990938,4666.870277
2023-06-01,7215,철강,미국,Import,0,
2023-07-01,7222,철강,미국,Export,345440058,530.5537451
2023-08-01,7218,철강,미국,Export,301862982,2410.723324
2023-09-01,7258,철강,미국,Import,0,3755.275175
2023-10-01,7284,철강,미국,Import,0,
2023-11-01,7231,철강,미국,Import,0,3929.420961
2023-12-01,7269,철강,미국,Import,0,904.9024099
2024-01-01,7235,철강,미국,Import,0,1649.363253
2024-02-01,7281,철강,미국,Export,225176105,1947.027704
2024-03-01,7232,철강,미국,Export,224984890,2929.682727
2024-04-01,7275,철강,미국,Export,276340901,4541.713344
2024-05-01,7215,철강,미국,Export,173079735,3679.69077
2024-06-01,7238,철강,미국,Import,0,3733.158465
2024-07-01,7266,철강,미국,Export,162743813,1317.596785
2024-08-01,7295,철강,미국,Export,359891400,2520.509287
2024-09-01,7222,철강,미국,Export,64209551,4247.616229
2024-10-01,7238,철강,미국,Import,0,2483.151662
2024-11-01,7236,철강,미국,Export,324162340,3500.347378
2024-12-01,7278,철강,미국,Export,415131425,4799.466493
2025-01-01,7232,철강,미국,Export,236382843,4741.688364
2025-02-01,7271,철강,미국,Export,59389355,1354.476106
2025-03-01,7277,철강,미국,Import,0,212.8107635
2025-04-01,7240,철강,미국,Import,0,2178.240289
2025-05-01,7295,철강,미국,Export,456236237,701.772831
2025-06-01,7245,철강,미국,Export,71084713,4612.125225
2025-07-01,7249,철강,미국,Export,307868252,1958.597922
2025-08-01,7266,철강,미국,Export,12269691,1734.145941
2025-09-01,7284,철강,미국,Import,0,2381.930599
2025-10-01,7252,철강,미국,Export,26094868,4572.472368
2025-11-01,7261,철강,미국,Export,215273470,4582.744915
2025-12-01,7231,철강,미국,Import,0,1142.135843
2021-01-01,8458,기계,미국,Export,283079630,4317.096888
2021-02-01,8480,기계,미국,Export,301738658,428.6747392
2021-03-01,8492,기계,미국,Export,181199629,2394.335959
2021-04-01,8425,기계,미국,Export,286772155,421.9723332
2021-05-01,8475,기계,미국,Import,0,2457.330947
2021-06-01,8413,기계,미국,Export,99144783,4322.749543
2021-07-01,8483,기계,미국,Import,0,2680.234487
2021-08-01,8441,기계,미국,Export,360826392,
2021-09-01,8497,기계,미국,Export,106095418,2576.988608
2021-10-01,8476,기계,미국,Import,0,2827.935765
2021-11-01,8497,기계,미국,Export,363910796,4292.912694
2021-12-01,8446,기계,미국,Export,79130105,2091.322311
2022-01-01,8483,기계,미국,Export,51899180,
2022-02-01,8445,기계,미국,Export,325033526,3549.336062
2022-03-01,8420,기계,미국,Export,137117482,1960.4928
2022-04-01,8414,기계,미국,Import,0,3891.789164
2022-05-01,8495,기계,미국,Import,0,659.765837
2022-06-01,8496,기계,미국,Export,401929075,
2022-07-01,8449,기계,미국,Export,352434468,2072.495214
2022-08-01,8413,기계,미국,Import,0,4512.804276
2022-09-01,8479,기계,미국,Export,458006415,676.9803062
2022-10-01,8426,기계,미국,Export,208571563,2537.577981
2022-11-01,8495,기계,미국,Export,77073958,4510.091345
2022-12-01,8421,기계,미국,Import,0,2521.941866
2023-01-01,8494,기계,미국,Export,197737878,
2023-02-01,8474,기계,미국,Export,50571347,3055.445336
2023-03-01,8449,기계,미국,Export,224224764,4586.017019
2023-04-01,8463,기계,미국,Import,0,3351.98871
2023-05-01,8442,기계,미국,Import,0,2745.229617
2023-06-01,8490,기계,미국,Import,0,3024.52996
2023-07-01,8482,기계,미국,Import,0,3668.124905
2023-08-01,8451,기계,미국,Export,235243941,
2023-09-01,8460,기계,미국,Export,143351117,2992.130268
2023-10-01,8458,기계,미국,Export,77041129,4756.163034
2023-11-01,8471,기계,미국,Import,0,3816.122828
2023-12-01,8489,기계,미국,Export,426105869,1323.373243
2024-01-01,8435,기계,미국,Export,35281945,
2024-02-01,8426,기계,미국,Export,98481919,2882.93163
2024-03-01,8416,기계,미국,Import,0,4629.541357
2024-04-01,8491,기계,미국,Export,375081628,368.9248118
2024-05-01,8426,기계,미국,Export,328582001,1887.016522
2024-06-01,8412,기계,미국,Export,351181500,1765.387322
2024-07-01,8424,기계,미국,Import,0,2738.167303
2024-08-01,8442,기계,미국,Export,444129096,3117.729622
2024-09-01,8451,기계,미국,Export,495267243,101.1638655
2024-10-01,8448,기계,미국,Export,14647862,358.1507963
2024-11-01,8466,기계,미국,Export,294571031,1431.266158
2024-12-01,8493,기계,미국,Export,371415327,1270.008014
2025-01-01,8439,기계,미국,Export,427882692,3606.211245
2025-02-01,8462,기계,미국,Import,0,2196.088355
2025-03-01,8421,기계,미국,Export,478643691,4010.147679
2025-04-01,8448,기계,미국,Export,440767970,4729.186909
2025-05-01,8434,기계,미국,Import,0,418.4334065
2025-06-01,8463,기계,미국,Export,307791029,2612.173704
2025-07-01,8450,기계,미국,Export,101354748,3919.96392
2025-08-01,8456,기계,미국,Export,115998771,2639.475797
2025-09-01,8444,기계,미국,Import,0,3510.501028
2025-10-01,8422,기계,미국,Export,119670631,2731.174672
2025-11-01,8420,기계,미국,Import,0,1401.440209
2025-12-01,8434,기계,미국,Import,0,273.5696053
2021-01-01,8520,반도체,중국,Export,52623512,2101.420744
2021-02-01,8514,반도체,중국,Export,33903955,2709.752345
2021-03-01,8537,반도체,중국,Export,47304121,4270.913879
2021-04-01,8567,반도체,중국,Import,0,3344.34885
2021-05-01,8542,반도체,중국,Import,0,4007.387506
2021-06-01,8568,반도체,중국,Import,0,1736.643506
2021-07-01,8572,반도체,중국,Import,0,1027.185545
2021-08-01,8540,반도체,중국,Import,0,731.4623506
2021-09-01,8540,반도체,중국,Export,10548854,2825.290502
2021-10-01,8575,반도체,중국,Export,150648685,3122.9419
2021-11-01,8569,반도체,중국,Export,14445478,4111.52916
2021-12-01,8580,반도체,중국,Export,275220623,4818.660819
2022-01-01,8546,반도체,중국,Export,60229766,4692.419587
2022-02-01,8573,반도체,중국,Export,357004323,430.0179472
2022-03-01,8591,반도체,중국,Import,0,4870.095949
2022-04-01,8561,반도체,중국,Export,381548966,
2022-05-01,8588,반도체,중국,Export,411204965,
2022-06-01,8538,반도체,중국,Export,472708781,600.7487365
2022-07-01,8538,반도체,중국,Import,0,1181.771103
2022-08-01,8531,반도체,중국,Export,74354211,4353.46618
2022-09-01,8530,반도체,중국,Import,0,4301.064451
2022-10-01,8578,반도체,중국,Export,492149047,2105.736631
2022-11-01,8570,반도체,중국,Export,108175980,4353.801786
2022-12-01,8589,반도체,중국,Export,276184074,880.3041176
2023-01-01,8517,반도체,중국,Export,387751703,4239.437818
2023-02-01,8573,반도체,중국,Export,154142306,4567.996571
2023-03-01,8524,반도체,중국,Import,0,674.8101259
2023-04-01,8518,반도체,중국,Export,108257116,
2023-05-01,8511,반도체,중국,Export,400803959,1620.773599
2023-06-01,8527,반도체,중국,Import,0,2038.170911
2023-07-01,8520,반도체,중국,Export,350541124,4314.599746
2023-08-01,8595,반도체,중국,Export,377089203,815.0181628
2023-09-01,8588,반도체,중국,Export,254455195,3128.963098
2023-10-01,8541,반도체,중국,Import,0,454.8397335
2023-11-01,8539,반도체,중국,Export,26269523,485.0346361
2023-12-01,8555,반도체,중국,Import,0,
2024-01-01,8584,반도체,중국,Export,70867783,4491.484383
2024-02-01,8541,반도체,중국,Export,156429584,4682.488895
2024-03-01,8593,반도체,중국,Import,0,4092.643057
2024-04-01,8513,반도체,중국,Export,302763172,3940.779512
2024-05-01,8569,반도체,중국,Export,368478865,
2024-06-01,8522,반도체,중국,Export,244846675,3117.135908
2024-07-01,8554,반도체,중국,Export,99237778,3969.522685
2024-08-01,8591,반도체,중국,Export,20221958,3300.988794
2024-09-01,8568,반도체,중국,Export,328659586,1077.75801
2024-10-01,8572,반도체,중국,Import,0,4218.216791
2024-11-01,8567,반도체,중국,Export,373926195,2184.917339
2024-12-01,8529,반도체,중국,Export,257373992,2762.172564
2025-01-01,8575,반도체,중국,Import,0,3985.484864
2025-02-01,8567,반도체,중국,Export,457058039,1132.244726
2025-03-01,8524,반도체,중국,Export,125538126,3902.401014
2025-04-01,8551,반도체,중국,Import,0,4859.835961
2025-05-01,8550,반도체,중국,Export,131143226,4366.674516
2025-06-01,8598,반도체,중국,Export,334684426,566.781389
2025-07-01,8537,반도체,중국,Import,0,3318.009656
2025-08-01,8565,반도체,중국,Import,0,1261.4365
2025-09-01,8523,반도체,중국,Export,172135787,2299.010112
2025-10-01,8514,반도체,중국,Export,131869993,3124.010434
2025-11-01,8593,반도체,중국,Export,195885709,3067.136972
2025-12-01,8558,반도체,중국,Import,0,4047.783749
2021-01-01,8770,자동차,중국,Export,26752005,4934.795604
2021-02-01,8735,자동차,중국,Import,0,698.3385786
2021-03-01,8778,자동차,중국,Export,60621388,2964.886432
2021-04-01,8797,자동차,중국,Import,0,185.1609719
2021-05-01,8748,자동차,중국,Import,0,2626.42054
2021-06-01,8793,자동차,중국,Import,0,750.3018037
2021-07-01,8717,자동차,중국,Export,485256902,560.1135074
2021-08-01,8714,자동차,중국,Import,0,1351.001971
2021-09-01,8752,자동차,중국,Import,0,2536.156344
2021-10-01,8785,자동차,중국,Export,65423811,3998.000821
2021-11-01,8740,자동차,중국,Export,332853880,2029.935588
2021-12-01,8775,자동차,중국,Export,499712725,336.2389904
2022-01-01,8757,자동차,중국,Export,378689603,543.3603069
2022-02-01,8713,자동차,중국,Import,0,4058.445116
2022-03-01,8792,자동차,중국,Export,435761306,1940.794034
2022-04-01,8794,자동차,중국,Import,0,1895.661521
2022-05-01,8769,자동차,중국,Export,278764863,3022.778827
2022-06-01,8720,자동차,중국,Export,305689810,3374.242713
2022-07-01,8712,자동차,중국,Import,0,4762.244942
2022-08-01,8735,자동차,중국,Export,63369987,830.0600943
2022-09-01,8724,자동차,중국,Import,0,2792.129768
2022-10-01,8752,자동차,중국,Export,18933965,
2022-11-01,8724,자동차,중국,Import,0,
2022-12-01,8795,자동차,중국,Export,105333578,915.0248779
2023-01-01,8736,자동차,중국,Export,465506879,2708.075045
2023-02-01,8739,자동차,중국,Export,360913830,1435.857604
2023-03-01,8784,자동차,중국,Export,70379100,4311.137387
2023-04-01,8772,자동차,중국,Import,0,2879.829876
2023-05-01,8777,자동차,중국,Export,52649091,4097.168353
2023-06-01,8756,자동차,중국,Import,0,3047.897919
2023-07-01,8718,자동차,중국,Export,398934486,3268.368976
2023-08-01,8751,자동차,중국,Import,0,1831.764759
2023-09-01,8759,자동차,중국,Import,0,4270.753878
2023-10-01,8728,자동차,중국,Export,315691069,2313.661626
2023-11-01,8742,자동차,중국,Export,116202502,
2023-12-01,8780,자동차,중국,Export,277881732,1236.540771
2024-01-01,8734,자동차,중국,Export,494014904,768.5547875
2024-02-01,8748,자동차,중국,Import,0,177.5233497
2024-03-01,8777,자동차,중국,Export,364926020,2934.095893
2024-04-01,8745,자동차,중국,Export,104014989,1684.520654
2024-05-01,8777,자동차,중국,Export,226780868,4176.129255
2024-06-01,8741,자동차,중국,Export,274605838,4412.387529
2024-07-01,8767,자동차,중국,Import,0,3380.48608
2024-08-01,8790,자동차,중국,Export,497785440,2287.126521
2024-09-01,8767,자동차,중국,Export,479236389,958.9844176
2024-10-01,8789,자동차,중국,Export,210644147,2171.176656
2024-11-01,8725,자동차,중국,Export,335806744,3997.704808
2024-12-01,8714,자동차,중국,Import,0,3866.139043
2025-01-01,8793,자동차,중국,Export,315556987,536.7097174
2025-02-01,8725,자동차,중국,Export,258350831,
2025-03-01,8732,자동차,중국,Import,0,1864.668397
2025-04-01,8782,자동차,중국,Import,0,4143.90193
2025-05-01,8791,자동차,중국,Import,0,4605.020669
2025-06-01,8721,자동차,중국,Export,465991655,670.1953496
2025-07-01,8797,자동차,중국,Export,270915784,3634.96813
2025-08-01,8723,자동차,중국,Import,0,2074.602876
2025-09-01,8791,자동차,중국,Export,479088215,2907.903002
2025-10-01,8763,자동차,중국,Import,0,3071.217628
2025-11-01,8761,자동차,중국,Export,256257377,2053.448836
2025-12-01,8717,자동차,중국,Export,244334671,2579.927019
2021-01-01,7221,철강,중국,Export,483252858,2219.239604
2021-02-01,7227,철강,중국,Export,146098785,
2021-03-01,7211,철강,중국,Import,0,
2021-04-01,7219,철강,중국,Export,113760121,2474.547776
2021-05-01,7288,철강,중국,Export,492002673,1271.982511
2021-06-01,7271,철강,중국,Export,140039830,971.0553005
2021-07-01,7213,철강,중국,Export,498381458,4088.454321
2021-08-01,7261,철강,중국,Import,0,4255.277838
2021-09-01,7272,철강,중국,Export,230394477,1053.650308
2021-10-01,7223,철강,중국,Export,96674701,1996.685926
2021-11-01,7271,철강,중국,Import,0,194.0421564
2021-12-01,7267,철강,중국,Import,0,3132.846146
2022-01-01,7294,철강,중국,Export,107439576,
2022-02-01,7269,철강,중국,Export,326584160,2546.735791
2022-03-01,7277,철강,중국,Import,0,1293.042045
2022-04-01,7261,철강,중국,Export,431186963,2022.729235
2022-05-01,7273,철강,중국,Export,395582659,1645.493789
2022-06-01,7238,철강,중국,Import,0,4658.562536
2022-07-01,7237,철강,중국,Export,322228723,3330.834219
2022-08-01,7288,철강,중국,Export,445801548,2308.036318
2022-09-01,7253,철강,중국,Export,260988741,
2022-10-01,7252,철강,중국,Export,332927411,4030.439735
2022-11-01,7229,철강,중국,Export,371379096,1830.931902
2022-12-01,7224,철강,중국,Export,471734540,3940.829116
2023-01-01,7214,철강,중국,Export,333548332,3845.426045
2023-02-01,7290,철강,중국,Export,154767940,3869.193424
2023-03-01,7259,철강,중국,Export,15109572,1351.526075
2023-04-01,7298,철강,중국,Import,0,305.5609948
2023-05-01,7221,철강,중국,Import,0,658.3875101
2023-06-01,7225,철강,중국,Export,407767196,3316.745176
2023-07-01,7249,철강,중국,Export,303280472,565.5573251
2023-08-01,7298,철강,중국,Import,0,1441.577407
2023-09-01,7260,철강,중국,Import,0,3264.472982
2023-10-01,7248,철강,중국,Import,0,4602.740015
2023-11-01,7230,철강,중국,Export,489414666,3766.140339
2023-12-01,7284,철강,중국,Export,166829317,3790.617946
2024-01-01,7222,철강,중국,Import,0,745.4709899
2024-02-01,7288,철강,중국,Export,257867819,4219.444837
2024-03-01,7270,철강,중국,Export,374277655,3098.508476
2024-04-01,7239,철강,중국,Export,437928228,3217.827634
2024-05-01,7267,철강,중국,Import,0,1308.726436
2024-06-01,7273,철강,중국,Import,0,1099.77461
2024-07-01,7236,철강,중국,Export,347063213,1938.773532
2024-08-01,7267,철강,중국,Import,0,3754.095535
2024-09-01,7229,철강,중국,Import,0,829.5514466
2024-10-01,7267,철강,중국,Import,0,2298.192092
2024-11-01,7235,철강,중국,Export,201847592,2121.84702
2024-12-01,7247,철강,중국,Export,91773707,988.4644716
2025-01-01,7280,철강,중국,Export,245676716,
2025-02-01,7264,철강,중국,Export,354442286,358.7394063
2025-03-01,7228,철강,중국,Export,142212152,4142.74211
2025-04-01,7231,철강,중국,Export,350753667,3755.033523
2025-05-01,7273,철강,중국,Import,0,1929.966721
2025-06-01,7227,철강,중국,Import,0,406.4569118
2025-07-01,7266,철강,중국,Export,467225532,3248.569478
2025-08-01,7256,철강,중국,Export,67984733,2108.53396
2025-09-01,7218,철강,중국,Import,0,1094.388201
2025-10-01,7212,철강,중국,Export,22836387,218.5396431
2025-11-01,7290,철강,중국,Import,0,
2025-12-01,7235,철강,중국,Import,0,4225.474477
2021-01-01,8483,기계,중국,Export,469303114,3559.493138
2021-02-01,8448,기계,중국,Import,0,2240.568443
2021-03-01,8463,기계,중국,Import,0,743.6120999
2021-04-01,8498,기계,중국,Export,478741164,
2021-05-01,8416,기계,중국,Export,131019611,4540.647445
2021-06-01,8463,기계,중국,Export,220154570,4239.468238
2021-07-01,8465,기계,중국,Export,32785287,3136.527257
2021-08-01,8459,기계,중국,Export,211436845,1801.982299
2021-09-01,8484,기계,중국,Export,482063272,2844.824099
2021-10-01,8423,기계,중국,Import,0,4908.355743
2021-11-01,8446,기계,중국,Export,287011824,2373.269185
2021-12-01,8470,기계,중국,Export,65906934,841.1094608
2022-01-01,8480,기계,중국,Export,345039511,2771.017088
2022-02-01,8437,기계,중국,Export,364179008,431.5749733
2022-03-01,8479,기계,중국,Export,120812055,4249.901768
2022-04-01,8431,기계,중국,Export,426487932,3378.209453
2022-05-01,8448,기계,중국,Import,0,405.1382188
2022-06-01,8419,기계,중국,Export,489250290,3990.54961
2022-07-01,8430,기계,중국,Export,90706113,1718.053818
2022-08-01,8494,기계,중국,Import,0,891.9370753
2022-09-01,8449,기계,중국,Export,492644931,
2022-10-01,8412,기계,중국,Export,455517900,2739.63881
2022-11-01,8461,기계,중국,Export,231331441,2047.168813
2022-12-01,8420,기계,중국,Import,0,2664.315193
2023-01-01,8445,기계,중국,Export,145456428,1630.510599
2023-02-01,8491,기계,중국,Export,87397863,3509.905679
2023-03-01,8412,기계,중국,Export,187919360,4496.213071
2023-04-01,8410,기계,중국,Import,0,1882.096311
2023-05-01,8413,기계,중국,Export,401310703,4842.003798
2023-06-01,8420,기계,중국,Import,0,4838.920415
2023-07-01,8430,기계,중국,Import,0,1682.754872
2023-08-01,8468,기계,중국,Export,89494368,161.7768479
2023-09-01,8434,기계,중국,Import,0,1127.789444
2023-10-01,8418,기계,중국,Export,411341121,2749.889399
2023-11-01,8420,기계,중국,Export,451635045,3293.172802
2023-12-01,8495,기계,중국,Import,0,1742.519432
2024-01-01,8471,기계,중국,Import,0,2158.581766
2024-02-01,8491,기계,중국,Export,376924905,3290.623166
2024-03-01,8478,기계,중국,Export,405035981,4234.312899
2024-04-01,8425,기계,중국,Import,0,
2024-05-01,8479,기계,중국,Export,429311256,1213.179829
2024-06-01,8472,기계,중국,Export,176786245,4345.29392
2024-07-01,8430,기계,중국,Import,0,1589.337366
2024-08-01,8485,기계,중국,Import,0,
2024-09-01,8415,기계,중국,Export,338658832,2846.159092
2024-10-01,8447,기계,중국,Export,121097887,1969.898505
2024-11-01,8487,기계,중국,Export,244744330,188.2004358
2024-12-01,8496,기계,중국,Import,0,3567.672799
2025-01-01,8428,기계,중국,Import,0,188.2321224
2025-02-01,8428,기계,중국,Export,437649381,651.643913
2025-03-01,8449,기계,중국,Export,139024734,326.0054652
2025-04-01,8423,기계,중국,Import,0,1556.465258
2025-05-01,8477,기계,중국,Export,41600722,4398.47334
2025-06-01,8495,기계,중국,Export,447228224,
2025-07-01,8457,기계,중국,Import,0,2955.753492
2025-08-01,8430,기계,중국,Export,41184045,4173.73022
2025-09-01,8482,기계,중국,Import,0,3379.081288
2025-10-01,8474,기계,중국,Import,0,3502.807235
2025-11-01,8455,기계,중국,Export,389201031,3049.424812
2025-12-01,8430,기계,중국,Export,319340701,2999.316095
2021-01-01,8580,반도체,일본,Import,0,1247.503789
2021-02-01,8575,반도체,일본,Export,143068694,2417.195951
2021-03-01,8547,반도체,일본,Export,44756785,1346.518746
2021-04-01,8536,반도체,일본,Export,78611807,1456.390108
2021-05-01,8549,반도체,일본,Export,240174443,2292.593892
2021-06-01,8570,반도체,일본,Export,12697841,137.55376
2021-07-01,8548,반도체,일본,Export,403266982,2903.038353
2021-08-01,8518,반도체,일본,Export,410174265,1494.355279
2021-09-01,8568,반도체,일본,Import,0,4383.690371
2021-10-01,8528,반도체,일본,Export,230792539,4654.190803
2021-11-01,8528,반도체,일본,Export,211400326,4547.293913
2021-12-01,8542,반도체,일본,Export,413657288,4779.796506
2022-01-01,8555,반도체,일본,Export,35056336,
2022-02-01,8591,반도체,일본,Import,0,3359.9313
2022-03-01,8528,반도체,일본,Export,302197544,2792.959918
2022-04-01,8524,반도체,일본,Export,377426874,2122.109098
2022-05-01,8560,반도체,일본,Import,0,149.6428017
2022-06-01,8548,반도체,일본,Import,0,3647.467972
2022-07-01,8547,반도체,일본,Import,0,4957.189811
2022-08-01,8521,반도체,일본,Export,154569946,2481.40242
2022-09-01,8594,반도체,일본,Import,0,1158.651689
2022-10-01,8547,반도체,일본,Import,0,3493.214851
2022-11-01,8582,반도체,일본,Import,0,3966.027284
2022-12-01,8576,반도체,일본,Export,230560446,2938.405134
2023-01-01,8584,반도체,일본,Import,0,1918.744875
2023-02-01,8542,반도체,일본,Export,267648173,2607.238794
2023-03-01,8546,반도체,일본,Export,446147547,1794.799558
2023-04-01,8569,반도체,일본,Import,0,132.8809125
2023-05-01,8520,반도체,일본,Export,162496572,3417.891135
2023-06-01,8565,반도체,일본,Export,494137623,2324.607944
2023-07-01,8578,반도체,일본,Export,121958505,4889.515378
2023-08-01,8535,반도체,일본,Export,29108046,251.6833755
2023-09-01,8559,반도체,일본,Export,163471067,820.6030678
2023-10-01,8546,반도체,일본,Export,478400226,1638.436915
2023-11-01,8582,반도체,일본,Export,492166449,1513.186645
2023-12-01,8531,반도체,일본,Export,275289727,855.3107116
2024-01-01,8595,반도체,일본,Import,0,4208.891153
2024-02-01,8560,반도체,일본,Export,96813753,2586.487194
2024-03-01,8520,반도체,일본,Export,283277324,1801.657491
2024-04-01,8522,반도체,일본,Import,0,2495.599376
2024-05-01,8591,반도체,일본,Export,315468919,2889.94907
2024-06-01,8594,반도체,일본,Import,0,4277.533131
2024-07-01,8573,반도체,일본,Export,300577105,3035.690867
2024-08-01,8530,반도체,일본,Import,0,
2024-09-01,8550,반도체,일본,Export,439774384,4725.80626
2024-10-01,8557,반도체,일본,Export,55899486,3797.643986
2024-11-01,8584,반도체,일본,Export,109579314,3832.811138
2024-12-01,8590,반도체,일본,Import,0,4905.622784
2025-01-01,8513,반도체,일본,Export,405228777,2434.768581
2025-02-01,8554,반도체,일본,Export,225183410,4250.147386
2025-03-01,8547,반도체,일본,Export,135463306,250.8712433
2025-04-01,8589,반도체,일본,Import,0,
2025-05-01,8519,반도체,일본,Import,0,1567.038383
2025-06-01,8533,반도체,일본,Import,0,2690.032738
2025-07-01,8517,반도체,일본,Export,497377834,
2025-08-01,8545,반도체,일본,Import,0,3728.333047
2025-09-01,8514,반도체,일본,Import,0,4064.997539
2025-10-01,8572,반도체,일본,Export,53416309,
2025-11-01,8539,반도체,일본,Export,22004239,1600.07297
2025-12-01,8586,반도체,일본,Export,474367132,454.3507288
2021-01-01,8725,자동차,일본,Export,344056835,653.3650492
2021-02-01,8769,자동차,일본,Export,81146291,3579.539276
2021-03-01,8743,자동차,일본,Export,147692204,4037.065442
2021-04-01,8736,자동차,일본,Export,20793191,2957.961713
2021-05-01,8739,자동차,일본,Export,489700746,3057.116171
2021-06-01,8795,자동차,일본,Export,102042997,3626.978121
2021-07-01,8781,자동차,일본,Export,281782100,3221.745102
2021-08-01,8762,자동차,일본,Export,403939668,2807.25474
2021-09-01,8796,자동차,일본,Import,0,2067.083591
2021-10-01,8784,자동차,일본,Export,143058053,2071.988523
2021-11-01,8735,자동차,일본,Export,360368972,3008.080239
2021-12-01,8717,자동차,일본,Export,11871762,1309.436959
2022-01-01,8720,자동차,일본,Import,0,736.6566302
2022-02-01,8777,자동차,일본,Import,0,4470.17351
2022-03-01,8765,자동차,일본,Export,482398424,537.5186702
2022-04-01,8742,자동차,일본,Export,465783773,4236.818642
2022-05-01,8794,자동차,일본,Import,0,3365.288527
2022-06-01,8726,자동차,일본,Export,341293033,4725.513296
2022-07-01,8792,자동차,일본,Import,0,336.1114607
2022-08-01,8737,자동차,일본,Export,434251880,2432.241882
2022-09-01,8780,자동차,일본,Import,0,2140.871716
2022-10-01,8725,자동차,일본,Export,191869191,4361.839566
2022-11-01,8796,자동차,일본,Import,0,1546.97724
2022-12-01,8727,자동차,일본,Import,0,
2023-01-01,8763,자동차,일본,Export,107615484,4462.053513
2023-02-01,8766,자동차,일본,Export,413421620,3931.875141
2023-03-01,8783,자동차,일본,Export,17199760,1957.560838
2023-04-01,8723,자동차,일본,Export,212684910,2515.036464
2023-05-01,8763,자동차,일본,Export,140670846,3651.796847
2023-06-01,8774,자동차,일본,Export,162813290,3892.557753
2023-07-01,8767,자동차,일본,Export,429993484,
2023-08-01,8743,자동차,일본,Export,99052203,2233.987365
2023-09-01,8764,자동차,일본,Export,263800658,1805.668407
2023-10-01,8752,자동차,일본,Import,0,2787.071977
2023-11-01,8741,자동차,일본,Export,450294696,3937.672225
2023-12-01,8795,자동차,일본,Import,0,4507.330541
2024-01-01,8737,자동차,일본,Export,241966431,392.610796
2024-02-01,8718,자동차,일본,Export,127187801,2700.613041
2024-03-01,8741,자동차,일본,Export,47046469,1891.835666
2024-04-01,8766,자동차,일본,Export,314982684,3928.477093
2024-05-01,8762,자동차,일본,Export,268359938,4541.462723
2024-06-01,8774,자동차,일본,Export,179144182,4595.680631
2024-07-01,8756,자동차,일본,Import,0,3480.998713
2024-08-01,8793,자동차,일본,Import,0,2293.599785
2024-09-01,8736,자동차,일본,Import,0,1835.912048
2024-10-01,8715,자동차,일본,Export,144604869,4054.130905
2024-11-01,8722,자동차,일본,Export,234712992,2848.28487
2024-12-01,8742,자동차,일본,Export,77129540,4975.40871
2025-01-01,8779,자동차,일본,Export,63357723,3219.039369
2025-02-01,8768,자동차,일본,Export,490760428,2890.74492
2025-03-01,8728,자동차,일본,Export,96286780,
2025-04-01,8738,자동차,일본,Export,454870408,4724.137805
2025-05-01,8775,자동차,일본,Import,0,2024.689501
2025-06-01,8774,자동차,일본,Import,0,3928.609319
2025-07-01,8795,자동차,일본,Export,305501510,4193.498371
2025-08-01,8737,자동차,일본,Export,122051622,3208.382075
2025-09-01,8775,자동차,일본,Export,262194972,4060.549654
2025-10-01,8776,자동차,일본,Export,448374970,102.169629
2025-11-01,8736,자동차,일본,Export,477875026,2523.908429
2025-12-01,8776,자동차,일본,Import,0,3795.898369
2021-01-01,7287,철강,일본,Export,314799385,4962.967218
2021-02-01,7291,철강,일본,Import,0,1277.954673
2021-03-01,7296,철강,일본,Export,257919374,
2021-04-01,7226,철강,일본,Export,82607184,3429.794643
2021-05-01,7220,철강,일본,Import,0,2194.758974
2021-06-01,7269,철강,일본,Export,220750409,4528.412102
2021-07-01,7287,철강,일본,Export,392379096,2434.045093
2021-08-01,7217,철강,일본,Export,101206589,1724.667025
2021-09-01,7277,철강,일본,Export,154668483,4409.533197
2021-10-01,7236,철강,일본,Import,0,1727.736062
2021-11-01,7213,철강,일본,Export,84281586,4391.827109
2021-12-01,7232,철강,일본,Export,466194885,2019.93742
2022-01-01,7269,철강,일본,Export,266029988,367.708658
2022-02-01,7247,철강,일본,Export,14944397,2243.66144
2022-03-01,7277,철강,일본,Import,0,1199.038068
2022-04-01,7278,철강,일본,Import,0,3087.191957
2022-05-01,7236,철강,일본,Import,0,714.2467314
2022-06-01,7248,철강,일본,Export,118039332,3836.166134
2022-07-01,7225,철강,일본,Export,48443349,2768.0351
2022-08-01,7218,철강,일본,Export,141734903,3179.326832
2022-09-01,7257,철강,일본,Export,155314356,3600.678404
2022-10-01,7274,철강,일본,Export,357159951,943.2372235
2022-11-01,7275,철강,일본,Import,0,3600.200515
2022-12-01,7232,철강,일본,Export,71311375,4267.310912
2023-01-01,7250,철강,일본,Import,0,1792.175566
2023-02-01,7212,철강,일본,Export,68248451,3847.123793
2023-03-01,7273,철강,일본,Import,0,1964.536778
2023-04-01,7277,철강,일본,Export,198333968,223.4477284
2023-05-01,7267,철강,일본,Export,311796838,4232.062646
2023-06-01,7238,철강,일본,Export,410392789,2777.508549
2023-07-01,7274,철강,일본,Import,0,2463.09537
2023-08-01,7271,철강,일본,Import,0,2043.113042
2023-09-01,7229,철강,일본,Import,0,3162.643012
2023-10-01,7266,철강,일본,Export,400373884,1327.292704
2023-11-01,7225,철강,일본,Export,491133792,3177.167575
2023-12-01,7221,철강,일본,Export,150940037,1603.205338
2024-01-01,7214,철강,일본,Import,0,
2024-02-01,7271,철강,일본,Export,51120572,1733.966709
2024-03-01,7256,철강,일본,Import,0,4912.042731
2024-04-01,7296,철강,일본,Export,107506148,2149.835934
2024-05-01,7238,철강,일본,Export,169374413,4712.234996
2024-06-01,7271,철강,일본,Export,264163487,978.8869419
2024-07-01,7271,철강,일본,Export,282192757,1030.094985
2024-08-01,7258,철강,일본,Export,204830065,1394.953689
2024-09-01,7289,철강,일본,Export,319043230,2793.070716
2024-10-01,7264,철강,일본,Export,47719938,470.3597079
2024-11-01,7263,철강,일본,Export,350940764,2344.308837
2024-12-01,7262,철강,일본,Import,0,4828.57531
2025-01-01,7257,철강,일본,Export,295942913,2676.205476
2025-02-01,7277,철강,일본,Import,0,618.9384416
2025-03-01,7231,철강,일본,Export,470137977,132.7424332
2025-04-01,7239,철강,일본,Export,343254823,
2025-05-01,7258,철강,일본,Import,0,4704.292405
2025-06-01,7255,철강,일본,Export,102384896,3395.05644
2025-07-01,7236,철강,일본,Import,0,553.864867
2025-08-01,7237,철강,일본,Export,432046616,4104.536326
2025-09-01,7228,철강,일본,Export,298832454,3105.129256
2025-10-01,7293,철강,일본,Export,109972086,3304.571052
2025-11-01,7261,철강,일본,Export,16735321,1317.043676
2025-12-01,7257,철강,일본,Export,456472459,1838.818071
2021-01-01,8442,기계,일본,Import,0,497.6309748
2021-02-01,8447,기계,일본,Import,0,2518.154862
2021-03-01,8412,기계,일본,Export,312223967,3740.119319
2021-04-01,8460,기계,일본,Import,0,2194.728687
2021-05-01,8448,기계,일본,Import,0,1905.399708
2021-06-01,8465,기계,일본,Export,395812939,2115.563386
2021-07-01,8449,기계,일본,Export,226847302,3281.67939
2021-08-01,8472,기계,일본,Export,153267724,
2021-09-01,8416,기계,일본,Export,37526277,2506.369074
2021-10-01,8464,기계,일본,Import,0,156.3131192
2021-11-01,8494,기계,일본,Import,0,445.4105337
2021-12-01,8480,기계,일본,Import,0,4149.791642
2022-01-01,8410,기계,일본,Export,161805368,1324.789037
2022-02-01,8430,기계,일본,Import,0,475.5154517
2022-03-01,8455,기계,일본,Export,457756337,4768.793583
2022-04-01,8467,기계,일본,Export,471149198,4393.965222
2022-05-01,8444,기계,일본,Import,0,2655.83704
2022-06-01,8485,기계,일본,Export,430794496,3766.943683
2022-07-01,8438,기계,일본,Export,235002724,2114.358684
2022-08-01,8432,기계,일본,Export,220508210,3729.06813
2022-09-01,8427,기계,일본,Export,155425474,2752.71109
2022-10-01,8441,기계,일본,Export,446519212,1283.530524
2022-11-01,8445,기계,일본,Export,68023369,1138.282219
2022-12-01,8456,기계,일본,Import,0,1247.596518
2023-01-01,8481,기계,일본,Import,0,2132.205552
2023-02-01,8476,기계,일본,Export,351250605,3540.515871
2023-03-01,8422,기계,일본,Export,436558213,3193.952714
2023-04-01,8458,기계,일본,Import,0,4672.323449
2023-05-01,8426,기계,일본,Export,111063535,2020.110929
2023-06-01,8458,기계,일본,Import,0,3904.797583
2023-07-01,8412,기계,일본,Export,284732364,3179.289637
2023-08-01,8434,기계,일본,Export,368345094,3516.649553
2023-09-01,8495,기계,일본,Import,0,2476.963834
2023-10-01,8487,기계,일본,Export,260175279,4120.933913
2023-11-01,8420,기계,일본,Import,0,2000.347841
2023-12-01,8457,기계,일본,Export,111898616,305.7286017
2024-01-01,8445,기계,일본,Export,425484663,2773.367395
2024-02-01,8486,기계,일본,Export,403869127,2224.013941
2024-03-01,8476,기계,일본,Export,117854549,1817.550618
2024-04-01,8471,기계,일본,Export,193495395,
2024-05-01,8439,기계,일본,Export,116657025,3342.253013
2024-06-01,8470,기계,일본,Export,60802504,338.4225519
2024-07-01,8467,기계,일본,Export,393160388,3783.560263
2024-08-01,8490,기계,일본,Export,17167846,1115.487269
2024-09-01,8418,기계,일본,Export,180011703,2014.700246
2024-10-01,8412,기계,일본,Export,222249924,3894.083146
2024-11-01,8471,기계,일본,Export,86673590,2422.213979
2024-12-01,8417,기계,일본,Import,0,1008.326618
2025-01-01,8485,기계,일본,Export,364928759,3754.191557
2025-02-01,8459,기계,일본,Import,0,4126.971638
2025-03-01,8471,기계,일본,Export,349255872,1393.903725
2025-04-01,8410,기계,일본,Export,269074965,4146.996766
2025-05-01,8436,기계,일본,Import,0,1396.711632
2025-06-01,8413,기계,일본,Import,0,4918.197718
2025-07-01,8493,기계,일본,Export,190490134,
2025-08-01,8479,기계,일본,Export,213468076,4453.474139
2025-09-01,8455,기계,일본,Import,0,1682.833994
2025-10-01,8438,기계,일본,Import,0,3367.182358
2025-11-01,8463,기계,일본,Import,0,4839.591579
2025-12-01,8470,기계,일본,Import,0,4052.65876
2021-01-01,8544,반도체,베트남,Import,0,1589.748335
2021-02-01,8584,반도체,베트남,Export,186609145,3940.31743
2021-03-01,8557,반도체,베트남,Import,0,
2021-04-01,8558,반도체,베트남,Export,383528286,290.7962818
2021-05-01,8512,반도체,베트남,Export,316060883,4335.72291
2021-06-01,8570,반도체,베트남,Export,322777897,3691.717736
2021-07-01,8534,반도체,베트남,Import,0,3024.574197
2021-08-01,8564,반도체,베트남,Export,313078258,3202.056002
2021-09-01,8559,반도체,베트남,Export,328259375,4041.628892
2021-10-01,8584,반도체,베트남,Import,0,4180.876319
2021-11-01,8596,반도체,베트남,Export,463273115,
2021-12-01,8598,반도체,베트남,Export,327833088,1448.912246
2022-01-01,8513,반도체,베트남,Export,212775458,
2022-02-01,8590,반도체,베트남,Import,0,
2022-03-01,8568,반도체,베트남,Import,0,4206.959377
2022-04-01,8512,반도체,베트남,Export,323125757,4772.321979
2022-05-01,8558,반도체,베트남,Export,145736136,4614.40681
2022-06-01,8549,반도체,베트남,Export,301100562,
2022-07-01,8590,반도체,베트남,Import,0,4416.767728
2022-08-01,8516,반도체,베트남,Export,255772092,4883.316177
2022-09-01,8596,반도체,베트남,Export,150394578,4032.937531
2022-10-01,8590,반도체,베트남,Import,0,4869.574834
2022-11-01,8529,반도체,베트남,Import,0,2233.428866
2022-12-01,8551,반도체,베트남,Export,469602963,517.007082
2023-01-01,8567,반도체,베트남,Export,122389230,2398.625334
2023-02-01,8561,반도체,베트남,Export,224843790,2696.418179
2023-03-01,8581,반도체,베트남,Export,225472838,1464.00556
2023-04-01,8517,반도체,베트남,Export,117656327,200.5519922
2023-05-01,8545,반도체,베트남,Import,0,406.5677269
2023-06-01,8591,반도체,베트남,Export,177896121,4336.828717
2023-07-01,8511,반도체,베트남,Export,416363974,3562.710115
2023-08-01,8573,반도체,베트남,Export,294542551,2576.992926
2023-09-01,8569,반도체,베트남,Export,249038816,503.134389
2023-10-01,8566,반도체,베트남,Export,360441362,1481.40331
2023-11-01,8598,반도체,베트남,Import,0,3369.340452
2023-12-01,8524,반도체,베트남,Import,0,719.1467584
2024-01-01,8549,반도체,베트남,Import,0,1056.315934
2024-02-01,8572,반도체,베트남,Export,284193638,3466.491838
2024-03-01,8557,반도체,베트남,Import,0,1708.342218
2024-04-01,8571,반도체,베트남,Export,452616027,4460.43026
2024-05-01,8586,반도체,베트남,Export,293864088,2499.159864
2024-06-01,8548,반도체,베트남,Export,466838151,3733.852835
2024-07-01,8562,반도체,베트남,Import,0,1171.678022
2024-08-01,8531,반도체,베트남,Export,305886981,2925.408635
2024-09-01,8515,반도체,베트남,Export,193528639,4008.88809
2024-10-01,8558,반도체,베트남,Import,0,2908.793653
2024-11-01,8550,반도체,베트남,Export,133796555,2648.362899
2024-12-01,8513,반도체,베트남,Export,10320161,4366.278267
2025-01-01,8586,반도체,베트남,Export,123707312,1400.313547
2025-02-01,8533,반도체,베트남,Export,248203937,
2025-03-01,8517,반도체,베트남,Export,463016009,3950.481963
2025-04-01,8537,반도체,베트남,Export,382682064,857.0117996
2025-05-01,8526,반도체,베트남,Import,0,4682.343225
2025-06-01,8591,반도체,베트남,Export,93647098,249.2720629
2025-07-01,8549,반도체,베트남,Import,0,3383.159435
2025-08-01,8562,반도체,베트남,Export,34619074,271.066608
2025-09-01,8563,반도체,베트남,Export,498235163,4000.436272
2025-10-01,8541,반도체,베트남,Export,34311042,3650.531606
2025-11-01,8581,반도체,베트남,Export,461960067,3508.560797
2025-12-01,8520,반도체,베트남,Export,288547800,3292.426848
2021-01-01,8794,자동차,베트남,Export,287232961,4652.809114
2021-02-01,8746,자동차,베트남,Export,377218742,2212.450785
2021-03-01,8720,자동차,베트남,Export,153333048,1727.807298
2021-04-01,8737,자동차,베트남,Export,302673285,3301.579143
2021-05-01,8747,자동차,베트남,Export,474109116,4435.790077
2021-06-01,8752,자동차,베트남,Export,176487418,2332.533867
2021-07-01,8769,자동차,베트남,Export,495153334,1628.209235
2021-08-01,8737,자동차,베트남,Import,0,1782.594841
2021-09-01,8781,자동차,베트남,Export,470108246,2318.7872
2021-10-01,8725,자동차,베트남,Export,357964993,1437.454974
2021-11-01,8743,자동차,베트남,Import,0,
2021-12-01,8729,자동차,베트남,Import,0,2931.666452
2022-01-01,8767,자동차,베트남,Import,0,3942.610254
2022-02-01,8753,자동차,베트남,Import,0,2071.790671
2022-03-01,8796,자동차,베트남,Export,154585451,1564.399963
2022-04-01,8775,자동차,베트남,Import,0,1776.327342
2022-05-01,8795,자동차,베트남,Import,0,2480.505402
2022-06-01,8761,자동차,베트남,Export,369602734,3197.966939
2022-07-01,8779,자동차,베트남,Import,0,1785.392664
2022-08-01,8727,자동차,베트남,Import,0,4377.795031
2022-09-01,8749,자동차,베트남,Import,0,
2022-10-01,8770,자동차,베트남,Export,392194280,
2022-11-01,8768,자동차,베트남,Export,490478431,
2022-12-01,8774,자동차,베트남,Export,352855550,3123.025734
2023-01-01,8748,자동차,베트남,Import,0,2883.074057
2023-02-01,8763,자동차,베트남,Import,0,
2023-03-01,8765,자동차,베트남,Import,0,
2023-04-01,8764,자동차,베트남,Export,116947337,4948.215652
2023-05-01,8763,자동차,베트남,Import,0,
2023-06-01,8789,자동차,베트남,Export,187654300,4048.001176
2023-07-01,8726,자동차,베트남,Export,418949566,1855.839818
2023-08-01,8723,자동차,베트남,Export,196685724,4061.188121
2023-09-01,8740,자동차,베트남,Import,0,4669.518904
2023-10-01,8758,자동차,베트남,Export,216172988,3048.242604
2023-11-01,8715,자동차,베트남,Export,88997217,3316.407057
2023-12-01,8723,자동차,베트남,Export,423982540,1197.514475
2024-01-01,8772,자동차,베트남,Export,469856257,
2024-02-01,8744,자동차,베트남,Export,207571800,4184.855651
2024-03-01,8726,자동차,베트남,Import,0,4815.081088
2024-04-01,8779,자동차,베트남,Export,341153233,
2024-05-01,8777,자동차,베트남,Export,282600723,242.8604115
2024-06-01,8737,자동차,베트남,Export,263955326,3579.562355
2024-07-01,8724,자동차,베트남,Import,0,4794.778244
2024-08-01,8766,자동차,베트남,Export,149992801,547.7331138
2024-09-01,8748,자동차,베트남,Import,0,4139.910436
2024-10-01,8715,자동차,베트남,Import,0,1262.007883
2024-11-01,8715,자동차,베트남,Export,133072941,4236.640394
2024-12-01,8783,자동차,베트남,Export,290790678,
2025-01-01,8720,자동차,베트남,Export,359294537,3513.806046
2025-02-01,8792,자동차,베트남,Import,0,3388.35647
2025-03-01,8793,자동차,베트남,Import,0,3134.782925
2025-04-01,8718,자동차,베트남,Export,305729115,3331.57931
2025-05-01,8782,자동차,베트남,Export,98779806,3151.491676
2025-06-01,8796,자동차,베트남,Export,214424775,885.1054448
2025-07-01,8734,자동차,베트남,Export,400633425,3648.739483
2025-08-01,8750,자동차,베트남,Export,35671734,882.162017
2025-09-01,8784,자동차,베트남,Export,21616799,4191.241308
2025-10-01,8773,자동차,베트남,Import,0,
2025-11-01,8784,자동차,베트남,Import,0,147.4657254
2025-12-01,8725,자동차,베트남,Export,15538242,3958.122595
2021-01-01,7285,철강,베트남,Export,188415259,
2021-02-01,7236,철강,베트남,Export,357625043,1430.310812
2021-03-01,7255,철강,베트남,Export,105279345,556.6609859
2021-04-01,7272,철강,베트남,Import,0,1207.787448
2021-05-01,7289,철강,베트남,Export,104692213,347.740021
2021-06-01,7232,철강,베트남,Export,113451711,
2021-07-01,7246,철강,베트남,Export,366489322,2473.516809
2021-08-01,7286,철강,베트남,Export,290277980,4046.618414
2021-09-01,7229,철강,베트남,Export,369613634,1798.137923
2021-10-01,7227,철강,베트남,Import,0,269.8962507
2021-11-01,7222,철강,베트남,Export,130794753,4882.560223
2021-12-01,7245,철강,베트남,Import,0,644.5720219
2022-01-01,7288,철강,베트남,Export,414771695,3398.151441
2022-02-01,7229,철강,베트남,Export,331629071,2722.246435
2022-03-01,7253,철강,베트남,Import,0,4963.650798
2022-04-01,7228,철강,베트남,Export,92840271,1823.844531
2022-05-01,7240,철강,베트남,Export,151825365,2391.637941
2022-06-01,7211,철강,베트남,Export,313198317,3360.289521
2022-07-01,7248,철강,베트남,Export,467872188,3476.529503
2022-08-01,7213,철강,베트남,Export,305564161,2665.642681
2022-09-01,7284,철강,베트남,Import,0,1540.930565
2022-10-01,7211,철강,베트남,Export,305210217,
2022-11-01,7259,철강,베트남,Import,0,4249.7474
2022-12-01,7263,철강,베트남,Export,305543558,3444.409052
2023-01-01,7247,철강,베트남,Import,0,190.0920965
2023-02-01,7286,철강,베트남,Import,0,3295.95323
2023-03-01,7231,철강,베트남,Import,0,3536.778099
2023-04-01,7241,철강,베트남,Export,244478901,4651.411794
2023-05-01,7282,철강,베트남,Export,315138818,4053.112063
2023-06-01,7275,철강,베트남,Export,218935194,2785.911493
2023-07-01,7240,철강,베트남,Export,404707697,2049.63246
2023-08-01,7293,철강,베트남,Export,286320587,
2023-09-01,7227,철강,베트남,Export,72467983,4021.011104
2023-10-01,7279,철강,베트남,Import,0,1537.431765
2023-11-01,7265,철강,베트남,Import,0,3414.169233
2023-12-01,7276,철강,베트남,Import,0,3806.037921
2024-01-01,7230,철강,베트남,Import,0,
2024-02-01,7225,철강,베트남,Export,452325700,4202.588735
2024-03-01,7224,철강,베트남,Export,56265259,4174.439832
2024-04-01,7236,철강,베트남,Export,206993336,3671.802081
2024-05-01,7240,철강,베트남,Export,168136020,2816.347738
2024-06-01,7241,철강,베트남,Export,427063860,4792.395067
2024-07-01,7279,철강,베트남,Import,0,1981.808928
2024-08-01,7298,철강,베트남,Export,201050875,2452.232149
2024-09-01,7248,철강,베트남,Import,0,2276.107429
2024-10-01,7229,철강,베트남,Export,295530080,4081.121723
2024-11-01,7290,철강,베트남,Import,0,4311.826345
2024-12-01,7242,철강,베트남,Import,0,728.7967247
2025-01-01,7229,철강,베트남,Import,0,4377.011166
2025-02-01,7254,철강,베트남,Export,392370452,3401.138494
2025-03-01,7262,철강,베트남,Export,400289174,1239.452525
2025-04-01,7235,철강,베트남,Import,0,1461.4413
2025-05-01,7248,철강,베트남,Export,487981783,
2025-06-01,7251,철강,베트남,Import,0,303.7369032
2025-07-01,7255,철강,베트남,Import,0,3299.453325
2025-08-01,7281,철강,베트남,Export,295733807,3678.086417
2025-09-01,7270,철강,베트남,Export,498317171,3532.115816
2025-10-01,7260,철강,베트남,Export,456556203,202.5771774
2025-11-01,7298,철강,베트남,Export,418270134,1584.785784
2025-12-01,7258,철강,베트남,Export,341291462,1605.470913
2021-01-01,8454,기계,베트남,Export,69019196,2964.261255
2021-02-01,8463,기계,베트남,Export,238696765,475.9418516
2021-03-01,8426,기계,베트남,Import,0,659.2858496
2021-04-01,8498,기계,베트남,Export,213264571,1997.644616
2021-05-01,8447,기계,베트남,Export,233137736,2133.306137
2021-06-01,8450,기계,베트남,Export,98453931,1386.105867
2021-07-01,8461,기계,베트남,Export,155707150,896.4361386
2021-08-01,8413,기계,베트남,Export,112327158,386.9699959
2021-09-01,8482,기계,베트남,Export,58311172,670.7414634
2021-10-01,8452,기계,베트남,Export,287266774,4549.290873
2021-11-01,8425,기계,베트남,Export,283592634,4362.695381
2021-12-01,8448,기계,베트남,Import,0,3800.154725
2022-01-01,8439,기계,베트남,Export,164355082,3977.907777
2022-02-01,8462,기계,베트남,Import,0,3424.606726
2022-03-01,8415,기계,베트남,Export,363812371,297.399042
2022-04-01,8439,기계,베트남,Import,0,2458.261961
2022-05-01,8436,기계,베트남,Export,177505169,
2022-06-01,8471,기계,베트남,Export,182255707,
2022-07-01,8427,기계,베트남,Export,303735958,4521.776053
2022-08-01,8442,기계,베트남,Export,419332539,1064.750572
2022-09-01,8477,기계,베트남,Import,0,4018.938486
2022-10-01,8415,기계,베트남,Export,238396983,
2022-11-01,8423,기계,베트남,Export,90667929,
2022-12-01,8467,기계,베트남,Import,0,391.976777
2023-01-01,8468,기계,베트남,Export,121118586,3365.957686
2023-02-01,8412,기계,베트남,Export,100384935,1091.240351
2023-03-01,8447,기계,베트남,Import,0,2468.141996
2023-04-01,8493,기계,베트남,Export,242473097,
2023-05-01,8425,기계,베트남,Import,0,4402.364213
2023-06-01,8480,기계,베트남,Export,58023765,315.9227217
2023-07-01,8453,기계,베트남,Export,32336727,4735.25736
2023-08-01,8498,기계,베트남,Import,0,4921.75442
2023-09-01,8487,기계,베트남,Import,0,1854.884611
2023-10-01,8452,기계,베트남,Export,33016765,4647.453576
2023-11-01,8468,기계,베트남,Export,12051847,3385.128236
2023-12-01,8418,기계,베트남,Export,213567070,217.6247197
2024-01-01,8476,기계,베트남,Export,484223341,2794.334474
2024-02-01,8454,기계,베트남,Import,0,575.1317877
2024-03-01,8475,기계,베트남,Import,0,650.5859616
2024-04-01,8486,기계,베트남,Import,0,1814.695482
2024-05-01,8462,기계,베트남,Export,346774825,4811.917455
2024-06-01,8474,기계,베트남,Import,0,4893.281276
2024-07-01,8491,기계,베트남,Export,407129426,1435.988172
2024-08-01,8437,기계,베트남,Import,0,
2024-09-01,8449,기계,베트남,Import,0,2073.423475
2024-10-01,8425,기계,베트남,Export,320073279,3867.708218
2024-11-01,8464,기계,베트남,Import,0,4410.047334
2024-12-01,8474,기계,베트남,Import,0,1583.866456
2025-01-01,8439,기계,베트남,Import,0,1814.286482
2025-02-01,8432,기계,베트남,Import,0,
2025-03-01,8460,기계,베트남,Export,183867609,3923.041978
2025-04-01,8418,기계,베트남,Export,374920996,2120.774996
2025-05-01,8454,기계,베트남,Export,249207060,752.5924158
2025-06-01,8426,기계,베트남,Export,350068532,995.4807133
2025-07-01,8484,기계,베트남,Export,149956734,
2025-08-01,8449,기계,베트남,Export,73012278,
2025-09-01,8473,기계,베트남,Import,0,2096.091069
2025-10-01,8434,기계,베트남,Import,0,4322.157935
2025-11-01,8428,기계,베트남,Export,406113492,3097.067455
2025-12-01,8451,기계,베트남,Export,98584723,1417.108314
2021-01-01,8543,반도체,독일,Export,223637638,3010.842381
2021-02-01,8557,반도체,독일,Import,0,3643.051017
2021-03-01,8527,반도체,독일,Export,148809357,2061.532897
2021-04-01,8572,반도체,독일,Export,433105148,1613.131149
2021-05-01,8524,반도체,독일,Export,85354015,4442.239341
2021-06-01,8527,반도체,독일,Import,0,
2021-07-01,8570,반도체,독일,Export,150738392,
2021-08-01,8518,반도체,독일,Export,77438569,104.5541427
2021-09-01,8545,반도체,독일,Import,0,3406.976695
2021-10-01,8561,반도체,독일,Export,260985206,3434.349366
2021-11-01,8573,반도체,독일,Import,0,4679.265016
2021-12-01,8598,반도체,독일,Export,84424224,
2022-01-01,8534,반도체,독일,Export,367361802,2917.79681
2022-02-01,8567,반도체,독일,Export,82141266,1112.246979
2022-03-01,8595,반도체,독일,Import,0,1418.891698
2022-04-01,8597,반도체,독일,Import,0,3995.784286
2022-05-01,8523,반도체,독일,Export,99578560,4785.830219
2022-06-01,8598,반도체,독일,Export,452591571,1410.334865
2022-07-01,8589,반도체,독일,Import,0,4389.894387
2022-08-01,8536,반도체,독일,Export,394690992,1441.122443
2022-09-01,8515,반도체,독일,Export,344444834,1724.922561
2022-10-01,8535,반도체,독일,Export,129349851,
2022-11-01,8570,반도체,독일,Import,0,4766.695087
2022-12-01,8568,반도체,독일,Import,0,4734.173541
2023-01-01,8518,반도체,독일,Export,493415925,3029.415936
2023-02-01,8544,반도체,독일,Import,0,
2023-03-01,8589,반도체,독일,Import,0,1978.645991
2023-04-01,8542,반도체,독일,Export,102705938,3629.881593
2023-05-01,8557,반도체,독일,Export,416067402,4164.857307
2023-06-01,8523,반도체,독일,Import,0,3515.418413
2023-07-01,8533,반도체,독일,Export,78230953,3098.841797
2023-08-01,8588,반도체,독일,Export,481094143,3427.896585
2023-09-01,8512,반도체,독일,Import,0,4331.074581
2023-10-01,8570,반도체,독일,Import,0,152.5049587
2023-11-01,8571,반도체,독일,Export,135263155,2685.06188
2023-12-01,8580,반도체,독일,Export,441158167,2577.051879
2024-01-01,8517,반도체,독일,Import,0,2422.630703
2024-02-01,8593,반도체,독일,Import,0,3946.813213
2024-03-01,8552,반도체,독일,Export,234434022,1357.571315
2024-04-01,8515,반도체,독일,Export,162670152,4243.702259
2024-05-01,8560,반도체,독일,Export,36819026,1100.786321
2024-06-01,8518,반도체,독일,Import,0,2613.598814
2024-07-01,8538,반도체,독일,Import,0,431.2632724
2024-08-01,8510,반도체,독일,Export,68378929,2610.724822
2024-09-01,8541,반도체,독일,Import,0,1249.047441
2024-10-01,8571,반도체,독일,Export,124036890,363.7695721
2024-11-01,8522,반도체,독일,Import,0,2315.792148
2024-12-01,8570,반도체,독일,Export,259358094,4321.083862
2025-01-01,8567,반도체,독일,Export,28471885,4059.532304
2025-02-01,8579,반도체,독일,Import,0,2738.135399
2025-03-01,8538,반도체,독일,Export,356122278,
2025-04-01,8560,반도체,독일,Export,69720955,189.5478416
2025-05-01,8581,반도체,독일,Export,160831383,1281.70955
2025-06-01,8592,반도체,독일,Export,219796034,400.9831334
2025-07-01,8531,반도체,독일,Export,488973166,4058.541664
2025-08-01,8574,반도체,독일,Export,477167410,395.11203
2025-09-01,8523,반도체,독일,Import,0,4237.142834
2025-10-01,8528,반도체,독일,Export,169878254,201.7143574
2025-11-01,8594,반도체,독일,Export,276869126,481.4969461
2025-12-01,8562,반도체,독일,Export,78111080,2256.348268
2021-01-01,8774,자동차,독일,Import,0,
2021-02-01,8716,자동차,독일,Export,107617646,1492.503049
2021-03-01,8777,자동차,독일,Import,0,2282.719356
2021-04-01,8759,자동차,독일,Import,0,2566.39114
2021-05-01,8793,자동차,독일,Import,0,679.2898192
2021-06-01,8715,자동차,독일,Import,0,295.0760533
2021-07-01,8753,자동차,독일,Import,0,3700.071994
2021-08-01,8766,자동차,독일,Export,355918555,2568.074186
2021-09-01,8747,자동차,독일,Export,196992084,3898.649241
2021-10-01,8796,자동차,독일,Import,0,2306.384171
2021-11-01,8767,자동차,독일,Export,316462390,
2021-12-01,8723,자동차,독일,Import,0,4638.910557
2022-01-01,8739,자동차,독일,Export,409048121,1972.405123
2022-02-01,8772,자동차,독일,Export,332305037,2865.537364
2022-03-01,8741,자동차,독일,Export,187625972,4137.588494
2022-04-01,8767,자동차,독일,Export,98277737,638.3292573
2022-05-01,8796,자동차,독일,Import,0,454.1570431
2022-06-01,8734,자동차,독일,Export,308808253,1279.938699
2022-07-01,8749,자동차,독일,Import,0,2765.468245
2022-08-01,8771,자동차,독일,Export,408039828,1779.910928
2022-09-01,8749,자동차,독일,Export,360200880,1277.075223
2022-10-01,8783,자동차,독일,Import,0,1057.744202
2022-11-01,8791,자동차,독일,Export,108619256,4462.159447
2022-12-01,8729,자동차,독일,Export,295732633,
2023-01-01,8736,자동차,독일,Import,0,1212.194843
2023-02-01,8798,자동차,독일,Import,0,1382.580391
2023-03-01,8712,자동차,독일,Import,0,4556.787518
2023-04-01,8758,자동차,독일,Import,0,3653.044684
2023-05-01,8781,자동차,독일,Import,0,4710.862381
2023-06-01,8725,자동차,독일,Export,30123404,3749.64287
2023-07-01,8789,자동차,독일,Export,199858567,2958.765443
2023-08-01,8729,자동차,독일,Export,101345704,3771.91024
2023-09-01,8780,자동차,독일,Export,247497863,231.6515048
2023-10-01,8777,자동차,독일,Export,360411259,4789.960679
2023-11-01,8721,자동차,독일,Import,0,2724.609053
2023-12-01,8735,자동차,독일,Export,260375664,
2024-01-01,8796,자동차,독일,Export,128753310,3350.222477
2024-02-01,8793,자동차,독일,Import,0,4699.701713
2024-03-01,8787,자동차,독일,Export,291046007,1774.041452
2024-04-01,8773,자동차,독일,Export,97423887,629.9595714
2024-05-01,8760,자동차,독일,Export,103950746,2821.936673
2024-06-01,8762,자동차,독일,Export,53185871,3906.312342
2024-07-01,8773,자동차,독일,Export,415560845,3725.35235
2024-08-01,8712,자동차,독일,Export,106278613,
2024-09-01,8720,자동차,독일,Export,355124304,4650.12472
2024-10-01,8723,자동차,독일,Export,351134300,1045.065787
2024-11-01,8719,자동차,독일,Export,365781577,694.3846902
2024-12-01,8721,자동차,독일,Import,0,955.4902711
2025-01-01,8713,자동차,독일,Import,0,708.1261018
2025-02-01,8715,자동차,독일,Export,104091450,3366.759694
2025-03-01,8782,자동차,독일,Import,0,1470.217961
2025-04-01,8794,자동차,독일,Export,404535454,1010.307078
2025-05-01,8723,자동차,독일,Export,429440526,3774.773041
2025-06-01,8748,자동차,독일,Import,0,2000.387921
2025-07-01,8747,자동차,독일,Import,0,2426.36813
2025-08-01,8715,자동차,독일,Export,280879289,3729.251547
2025-09-01,8781,자동차,독일,Export,175260779,980.0389291
2025-10-01,8742,자동차,독일,Import,0,466.9896258
2025-11-01,8757,자동차,독일,Export,65976197,1351.231416
2025-12-01,8735,자동차,독일,Export,238464107,3980.484553
2021-01-01,7296,철강,독일,Import,0,321.2416856
2021-02-01,7227,철강,독일,Import,0,2026.981277
2021-03-01,7227,철강,독일,Export,172889079,1646.112585
2021-04-01,7219,철강,독일,Export,208078404,4966.999463
2021-05-01,7242,철강,독일,Export,304388153,3534.241916
2021-06-01,7228,철강,독일,Export,108717321,1399.521831
2021-07-01,7243,철강,독일,Export,37549904,2479.608062
2021-08-01,7239,철강,독일,Export,41301086,1655.205365
2021-09-01,7267,철강,독일,Import,0,
2021-10-01,7286,철강,독일,Export,431727232,
2021-11-01,7297,철강,독일,Import,0,272.5543503
2021-12-01,7224,철강,독일,Export,441120496,3278.546471
2022-01-01,7262,철강,독일,Import,0,4240.357183
2022-02-01,7237,철강,독일,Import,0,1574.734966
2022-03-01,7274,철강,독일,Import,0,3509.395338
2022-04-01,7294,철강,독일,Export,239592927,824.9958371
2022-05-01,7232,철강,독일,Import,0,1775.142267
2022-06-01,7240,철강,독일,Import,0,268.713412
2022-07-01,7218,철강,독일,Import,0,4574.825463
2022-08-01,7278,철강,독일,Export,488713117,1015.964004
2022-09-01,7267,철강,독일,Export,188067926,4697.087745
2022-10-01,7265,철강,독일,Export,317459270,4625.957704
2022-11-01,7224,철강,독일,Export,371887566,412.5933256
2022-12-01,7221,철강,독일,Export,477731382,
2023-01-01,7296,철강,독일,Import,0,4029.016825
2023-02-01,7227,철강,독일,Export,373025941,2758.609302
2023-03-01,7287,철강,독일,Import,0,3080.235746
2023-04-01,7251,철강,독일,Export,462911687,1228.894533
2023-05-01,7226,철강,독일,Import,0,381.2200341
2023-06-01,7248,철강,독일,Export,18163630,1760.829399
2023-07-01,7268,철강,독일,Import,0,
2023-08-01,7240,철강,독일,Import,0,1622.505109
2023-09-01,7258,철강,독일,Import,0,2952.143643
2023-10-01,7277,철강,독일,Import,0,1545.234538
2023-11-01,7295,철강,독일,Export,433184115,4984.364985
2023-12-01,7294,철강,독일,Import,0,4400.972084
2024-01-01,7262,철강,독일,Export,40480494,4131.244316
2024-02-01,7226,철강,독일,Export,240009352,4303.503139
2024-03-01,7271,철강,독일,Export,261463046,3605.366984
2024-04-01,7253,철강,독일,Export,46897702,1941.677079
2024-05-01,7251,철강,독일,Export,171323001,357.1603795
2024-06-01,7269,철강,독일,Import,0,2655.599821
2024-07-01,7287,철강,독일,Import,0,
2024-08-01,7266,철강,독일,Export,102509073,2130.601149
2024-09-01,7228,철강,독일,Import,0,151.5148003
2024-10-01,7252,철강,독일,Import,0,2437.218624
2024-11-01,7210,철강,독일,Export,394743043,2488.290885
2024-12-01,7296,철강,독일,Export,34748622,2781.793246
2025-01-01,7230,철강,독일,Export,294116492,1484.496311
2025-02-01,7274,철강,독일,Export,297937223,4120.899768
2025-03-01,7234,철강,독일,Export,225385841,2601.254644
2025-04-01,7294,철강,독일,Export,241390948,3593.12361
2025-05-01,7296,철강,독일,Import,0,3163.559013
2025-06-01,7272,철강,독일,Export,308996044,4717.620053
2025-07-01,7211,철강,독일,Import,0,3495.253664
2025-08-01,7280,철강,독일,Import,0,2087.661771
2025-09-01,7278,철강,독일,Export,38293128,
2025-10-01,7233,철강,독일,Export,350535365,2624.318439
2025-11-01,7226,철강,독일,Import,0,
2025-12-01,7241,철강,독일,Import,0,3930.721147
2021-01-01,8495,기계,독일,Export,400355985,1756.109597
2021-02-01,8410,기계,독일,Export,125638336,803.3693041
2021-03-01,8495,기계,독일,Import,0,4838.145722
2021-04-01,8448,기계,독일,Import,0,1296.323046
2021-05-01,8443,기계,독일,Export,192301348,553.0026335
2021-06-01,8482,기계,독일,Export,129557698,4836.997715
2021-07-01,8439,기계,독일,Export,448822313,4836.448882
2021-08-01,8487,기계,독일,Export,347006911,1440.025125
2021-09-01,8477,기계,독일,Export,412658684,780.9480602
2021-10-01,8414,기계,독일,Export,358468442,133.3030881
2021-11-01,8475,기계,독일,Export,227909260,2925.070451
2021-12-01,8471,기계,독일,Export,11326993,4264.73783
2022-01-01,8443,기계,독일,Export,41406408,3021.098983
2022-02-01,8453,기계,독일,Export,346723098,4092.488971
2022-03-01,8412,기계,독일,Export,75551291,
2022-04-01,8457,기계,독일,Export,117844132,1344.525292
2022-05-01,8497,기계,독일,Import,0,1146.359987
2022-06-01,8486,기계,독일,Import,0,2015.495392
2022-07-01,8412,기계,독일,Export,227753853,1586.086403
2022-08-01,8465,기계,독일,Import,0,3910.866759
2022-09-01,8436,기계,독일,Export,325797680,996.0361811
2022-10-01,8411,기계,독일,Import,0,2104.994679
2022-11-01,8431,기계,독일,Export,159006371,4076.972371
2022-12-01,8497,기계,독일,Export,455774406,
2023-01-01,8421,기계,독일,Export,270424830,2344.019751
2023-02-01,8454,기계,독일,Import,0,1377.472993
2023-03-01,8465,기계,독일,Export,277971775,3600.852451
2023-04-01,8480,기계,독일,Import,0,4655.283078
2023-05-01,8459,기계,독일,Export,228623514,2814.499487
2023-06-01,8479,기계,독일,Import,0,620.4477552
2023-07-01,8495,기계,독일,Export,317919409,
2023-08-01,8458,기계,독일,Export,326739613,2345.981049
2023-09-01,8447,기계,독일,Export,51781487,4344.300173
2023-10-01,8488,기계,독일,Export,75374004,3489.05267
2023-11-01,8463,기계,독일,Import,0,2493.858086
2023-12-01,8489,기계,독일,Import,0,3282.824433
2024-01-01,8433,기계,독일,Export,325121132,1647.142672
2024-02-01,8416,기계,독일,Import,0,1374.235397
2024-03-01,8462,기계,독일,Import,0,3580.722353
2024-04-01,8463,기계,독일,Export,323162845,1770.713671
2024-05-01,8473,기계,독일,Export,305417512,3305.680264
2024-06-01,8430,기계,독일,Export,209869009,
2024-07-01,8491,기계,독일,Export,440868987,2619.712355
2024-08-01,8410,기계,독일,Export,456791099,
2024-09-01,8491,기계,독일,Import,0,3004.210727
2024-10-01,8443,기계,독일,Export,239822220,4649.922111
2024-11-01,8494,기계,독일,Export,42367100,4865.584355
2024-12-01,8470,기계,독일,Export,377277326,3527.717862
2025-01-01,8414,기계,독일,Export,71373103,
2025-02-01,8461,기계,독일,Export,360710603,4866.689138
2025-03-01,8475,기계,독일,Export,338674862,4124.17116
2025-04-01,8455,기계,독일,Import,0,1824.455877
2025-05-01,8430,기계,독일,Import,0,
2025-06-01,8417,기계,독일,Export,423427108,2246.415972
2025-07-01,8424,기계,독일,Import,0,3790.282351
2025-08-01,8446,기계,독일,Export,37931169,2980.212402
2025-09-01,8437,기계,독일,Export,63650576,1093.98087
2025-10-01,8497,기계,독일,Import,0,2259.621301
2025-11-01,8481,기계,독일,Export,373425223,3408.631104
2025-12-01,8436,기계,독일,Export,349992949,1598.486205
